interruption time, baseline schedule 1, baseline schedule 2, baseline schedule 3, p = 0.05, p = 0.10 (H-aware), p = 0.20, p = 0.30
2,1,1,1,1,1,1,1,
1050,512,512,512,435,473,421,367,
2098,1024,1024,1024,880,946,839,735,
3146,1024,1024,1024,1289,1420,1257,1102,
4194,2048,2048,2048,1737,1891,1682,1467,
5242,2048,2048,2048,2186,2359,2093,1828,
6290,2048,2048,2048,2619,2838,2513,2194,
7338,2048,2048,2048,3069,3306,2935,2572,
8386,4096,4096,4096,3467,3787,3354,2944,
9434,4096,4096,4096,3905,4243,3791,3303,
10482,4096,4096,4096,4363,4714,4182,3659,
11530,4096,4096,4096,4739,5182,4610,4031,
12578,4096,4096,4096,5247,5639,5042,4400,
13626,4096,4096,4096,5584,6133,5449,4775,
14674,4096,4096,4096,5930,6615,5866,5136,
15722,4096,4096,4096,6498,7042,6313,5487,
16770,8192,8192,8192,7000,7537,6710,5871,
17818,8192,8192,8192,7389,8019,7137,6226,
18866,8192,8192,8192,7759,8487,7548,6607,
19914,8192,8192,8192,8223,8922,7973,6951,
20962,8192,8192,8192,8676,9429,8382,7338,
22010,8192,8192,8192,9030,9917,8816,7698,
23058,8192,8192,8192,9492,10358,9216,8073,
24106,8192,8192,8192,9958,10872,9678,8461,
25154,8192,8192,8192,10424,11342,10048,8827,
26202,8192,8192,8192,10830,11774,10472,9169,
27250,8192,8192,8192,11365,12256,10889,9541,
28298,8192,8192,8192,11801,12711,11318,9919,
29346,8192,8192,8192,12194,13237,11747,10250,
30394,8192,8192,8192,12642,13674,12150,10649,
31442,8192,8192,8192,13160,14107,12593,10975,
32490,8192,8192,8192,13487,14604,12963,11374,
33538,16384,16384,16384,13884,15086,13398,11749,
34586,16384,16384,16384,14331,15504,13787,12098,
35634,16384,16384,16384,14800,15944,14266,12476,
36682,16384,16384,16384,15263,16476,14723,12855,
37730,16384,16384,16384,15638,17017,15088,13189,
38778,16384,16384,16384,16207,17404,15528,13581,
39826,16384,16384,16384,16449,17904,15903,13947,
40874,16384,16384,16384,16933,18382,16346,14314,
41922,16384,16384,16384,17473,18826,16730,14685,
42970,16384,16384,16384,17745,19334,17130,14996,
44018,16384,16384,16384,18252,19822,17612,15393,
45066,16384,16384,16384,18746,20211,17993,15751,
46114,16384,16384,16384,19081,20763,18402,16130,
47162,16384,16384,16384,19635,21221,18838,16522,
48210,16384,16384,16384,20018,21685,19271,16905,
49258,16384,16384,16384,20428,22059,19686,17202,
50306,16384,16384,16384,20739,22613,20097,17586,
51354,16384,16384,16384,21391,23087,20592,17967,
52402,16384,16384,16384,21694,23615,20945,18310,
53450,16384,16384,16384,22283,24017,21276,18777,
54498,16384,16384,16384,22827,24450,21807,19075,
55546,16384,16384,16384,23220,24992,22167,19403,
56594,16384,16384,16384,23456,25435,22563,19793,
57642,16384,16384,16384,23896,25883,23112,20125,
58690,16384,16384,16384,24249,26414,23467,20565,
59738,16384,16384,16384,24480,26876,23899,20925,
60786,16384,16384,16384,25179,27340,24293,21260,
61834,16384,16384,16384,25584,27880,24674,21595,
62882,16384,16384,16384,26063,28344,25147,21955,
63930,16384,16384,16384,26612,28878,25513,22380,
64978,16384,16384,16384,26810,29121,25999,22764,
66026,32768,32768,32768,27327,29730,26466,23122,
67074,32768,32768,32768,27988,30173,26886,23426,
68122,32768,32768,32768,28157,30695,27157,23871,
69170,32768,32768,32768,28855,31162,27636,24193,
70218,32768,32768,32768,29244,31698,28102,24532,
71266,32768,32768,32768,29293,32146,28494,24875,
72314,32768,32768,32768,29933,32449,28907,25328,
73362,32768,32768,32768,30221,33089,29418,25680,
74410,32768,32768,32768,31142,33443,29622,26020,
75458,32768,32768,32768,31493,33932,30192,26506,
76506,32768,32768,32768,31566,34431,30581,26850,
77554,32768,32768,32768,32130,34843,31045,27158,
78602,32768,32768,32768,32709,35313,31518,27598,
79650,32768,32768,32768,33358,35890,31842,27823,
80698,32768,32768,32768,33598,36324,32246,28257,
81746,32768,32768,32768,33850,36878,32654,28675,
82794,32768,32768,32768,33998,37278,33242,28934,
83842,32768,32768,32768,34976,37762,33673,29336,
84890,32768,32768,32768,34842,38247,33916,29766,
85938,32768,32768,32768,35686,38781,34473,30062,
86986,32768,32768,32768,35782,39127,34717,30493,
88034,32768,32768,32768,36397,39664,35190,30835,
89082,32768,32768,32768,36842,40097,35666,31252,
90130,32768,32768,32768,37463,40568,36090,31565,
91178,32768,32768,32768,38112,41059,36434,32002,
92226,32768,32768,32768,37746,41505,36901,32276,
93274,32768,32768,32768,39123,41880,37473,32587,
94322,32768,32768,32768,39272,42353,37841,33003,
95370,32768,32768,32768,39638,43037,38060,33471,
96418,32768,32768,32768,40210,43473,38499,33698,
97466,32768,32768,32768,40068,43755,38955,34211,
98514,32768,32768,32768,41000,44277,39373,34322,
99562,32768,32768,32768,41120,44930,39839,34831,
100610,32768,32768,32768,40997,45296,40229,35265,
101658,32768,32768,32768,42199,45724,40557,35548,
102706,32768,32768,32768,42614,46153,41066,35954,
103754,32768,32768,32768,42720,46704,41428,36355,
104802,32768,32768,32768,43657,47099,41926,36726,
105850,32768,32768,32768,44046,47616,42414,37070,
106898,32768,32768,32768,44900,47964,42706,37457,
107946,32768,32768,32768,45042,48512,43238,37844,
108994,32768,32768,32768,45350,49010,43651,38079,
110042,32768,32768,32768,45906,49536,43948,38524,
111090,32768,32768,32768,46393,49952,44460,38887,
112138,32768,32768,32768,46397,50543,44754,39189,
113186,32768,32768,32768,46815,50950,45110,39619,
114234,32768,32768,32768,46846,51344,45566,40051,
115282,32768,32768,32768,47360,51729,46195,40369,
116330,32768,32768,32768,48578,52407,46508,40682,
117378,32768,32768,32768,48810,52731,46957,41164,
118426,32768,32768,32768,48906,53179,47384,41491,
119474,32768,32768,32768,49441,53717,47683,41795,
120522,32768,32768,32768,50478,54238,48212,42167,
121570,32768,32768,32768,50631,54651,48669,42621,
122618,32768,32768,32768,50535,55134,49228,42824,
123666,32768,32768,32768,51902,55637,49578,43369,
124714,32768,32768,32768,52045,56122,49811,43713,
125762,32768,32768,32768,52000,56480,50426,44192,
126810,32768,32768,32768,52257,57021,50761,44309,
127858,32768,32768,32768,52481,57224,51010,44820,
128906,32768,32768,32768,53353,57914,51612,45228,
129954,32768,32768,32768,53594,58641,52220,45394,
131002,32768,32768,32768,54103,58948,52283,45917,
132050,65536,65536,65536,54706,59385,52853,46317,
133098,65536,65536,65536,54957,60005,53215,46484,
134146,65536,65536,65536,55516,60375,53665,46885,
135194,65536,65536,65536,55708,60831,53877,47313,
136242,65536,65536,65536,57334,61209,54631,47661,
137290,65536,65536,65536,56771,61581,54904,48182,
138338,65536,65536,65536,57150,62431,55391,48594,
139386,65536,65536,65536,57585,62586,55713,48819,
140434,65536,65536,65536,58291,63042,56029,49165,
141482,65536,65536,65536,58905,63534,56542,49290,
142530,65536,65536,65536,59273,64087,57073,49946,
143578,65536,65536,65536,59475,64668,57416,50398,
144626,65536,65536,65536,60144,64951,58084,50460,
145674,65536,65536,65536,60134,65532,58311,51028,
146722,65536,65536,65536,59926,65951,58682,51313,
147770,65536,65536,65536,61780,66372,59188,51641,
148818,65536,65536,65536,61795,67112,59622,52015,
149866,65536,65536,65536,62403,67407,59773,52537,
150914,65536,65536,65536,62113,67857,60217,52638,
151962,65536,65536,65536,63139,68285,60724,53390,
153010,65536,65536,65536,62445,68940,61040,53545,
154058,65536,65536,65536,63423,69281,61929,54041,
155106,65536,65536,65536,64680,69755,62145,54324,
156154,65536,65536,65536,64100,70092,62545,54611,
157202,65536,65536,65536,64924,70790,62929,54969,
158250,65536,65536,65536,65709,71201,63343,55299,
159298,65536,65536,65536,66844,71383,63856,55826,
160346,65536,65536,65536,66689,72634,64104,56066,
161394,65536,65536,65536,66599,72741,64642,56502,
162442,65536,65536,65536,67898,72951,65010,56896,
163490,65536,65536,65536,67828,73520,65369,57076,
164538,65536,65536,65536,68451,74241,65956,57671,
165586,65536,65536,65536,69037,74703,66174,57855,
166634,65536,65536,65536,68638,74830,66695,58223,
167682,65536,65536,65536,69588,75586,67078,58867,
168730,65536,65536,65536,70167,76153,67528,59074,
169778,65536,65536,65536,69703,76369,68086,59445,
170826,65536,65536,65536,70697,76997,68426,59729,
171874,65536,65536,65536,72094,77094,68835,60254,
172922,65536,65536,65536,72219,77631,69267,60551,
173970,65536,65536,65536,71938,78131,69638,60905,
175018,65536,65536,65536,72467,78599,70137,61347,
176066,65536,65536,65536,74077,79241,70223,61489,
177114,65536,65536,65536,73634,79668,70713,61914,
178162,65536,65536,65536,73155,79996,71209,62479,
179210,65536,65536,65536,74163,80766,71626,62634,
180258,65536,65536,65536,74395,81115,72107,63175,
181306,65536,65536,65536,75208,81464,72365,63545,
182354,65536,65536,65536,75745,81876,72742,63763,
183402,65536,65536,65536,76248,82474,73293,64119,
184450,65536,65536,65536,76700,83117,73717,64460,
185498,65536,65536,65536,77361,83296,74300,64951,
186546,65536,65536,65536,77176,83958,74473,65033,
187594,65536,65536,65536,77631,84455,75204,65608,
188642,65536,65536,65536,78230,85205,75118,65844,
189690,65536,65536,65536,78407,85421,75935,66288,
190738,65536,65536,65536,78872,85783,76267,66765,
191786,65536,65536,65536,80171,86174,76783,67172,
192834,65536,65536,65536,80448,86554,77240,67528,
193882,65536,65536,65536,80890,87293,77577,67946,
194930,65536,65536,65536,80719,87804,77943,68119,
195978,65536,65536,65536,81479,88120,78377,68493,
197026,65536,65536,65536,81790,88709,78992,68805,
198074,65536,65536,65536,81716,89199,79340,69330,
199122,65536,65536,65536,82584,89833,79554,69819,
200170,65536,65536,65536,82234,90264,79814,70068,
201218,65536,65536,65536,83323,90840,80424,70503,
202266,65536,65536,65536,84331,91190,80731,70950,
203314,65536,65536,65536,84155,91445,81291,71056,
204362,65536,65536,65536,85370,92025,81760,71432,
205410,65536,65536,65536,84645,92423,82051,71643,
206458,65536,65536,65536,86062,92972,82495,72055,
207506,65536,65536,65536,85725,93445,83064,72493,
208554,65536,65536,65536,85906,93981,83187,73012,
209602,65536,65536,65536,87381,94368,83759,73260,
210650,65536,65536,65536,86348,94616,84142,73558,
211698,65536,65536,65536,88018,95358,84551,74192,
212746,65536,65536,65536,87882,95516,84829,74296,
213794,65536,65536,65536,89259,96436,85488,74589,
214842,65536,65536,65536,87777,96834,86036,75443,
215890,65536,65536,65536,89718,96882,86329,75562,
216938,65536,65536,65536,89312,97796,86874,75680,
217986,65536,65536,65536,89873,97766,87315,76313,
219034,65536,65536,65536,90622,98448,87792,76676,
220082,65536,65536,65536,91079,99273,87958,77066,
221130,65536,65536,65536,91140,99278,88322,77555,
222178,65536,65536,65536,91706,99879,88602,77950,
223226,65536,65536,65536,92745,100356,89493,78196,
224274,65536,65536,65536,93849,100858,89470,78354,
225322,65536,65536,65536,93241,101338,90182,79033,
226370,65536,65536,65536,95238,101594,90743,79271,
227418,65536,65536,65536,94003,102439,91384,79518,
228466,65536,65536,65536,95510,103037,91171,80154,
229514,65536,65536,65536,94895,103012,91761,80299,
230562,65536,65536,65536,94826,103956,92487,80513,
231610,65536,65536,65536,95766,103866,92629,81060,
232658,65536,65536,65536,96364,105018,93020,81328,
233706,65536,65536,65536,96793,105222,93492,81772,
234754,65536,65536,65536,97523,105373,94106,81965,
235802,65536,65536,65536,96481,105924,94186,82620,
236850,65536,65536,65536,98956,106707,94625,82489,
237898,65536,65536,65536,99017,107052,95087,83389,
238946,65536,65536,65536,98828,107666,95508,83562,
239994,65536,65536,65536,99996,107961,95815,83710,
241042,65536,65536,65536,100930,108366,96694,84506,
242090,65536,65536,65536,99829,109321,97005,84520,
243138,65536,65536,65536,99863,109847,96903,85023,
244186,65536,65536,65536,101818,109888,97496,85530,
245234,65536,65536,65536,101689,110586,98382,85973,
246282,65536,65536,65536,102339,110673,98622,86199,
247330,65536,65536,65536,102397,111076,99205,86699,
248378,65536,65536,65536,102282,111727,99329,86847,
249426,65536,65536,65536,104355,112100,99644,87365,
250474,65536,65536,65536,104605,112442,100323,87670,
251522,65536,65536,65536,105072,112804,100938,87746,
252570,65536,65536,65536,104418,113767,100976,88484,
253618,65536,65536,65536,105410,114362,101307,88568,
254666,65536,65536,65536,106425,114578,101964,89255,
255714,65536,65536,65536,106266,115063,102550,89473,
256762,65536,65536,65536,106036,115853,102385,89874,
257810,65536,65536,65536,107287,115827,103347,90372,
258858,65536,65536,65536,107012,116544,103481,90732,
259906,65536,65536,65536,107545,117122,103886,90872,
260954,65536,65536,65536,108700,117282,104282,91220,
262002,65536,65536,65536,108723,117796,104859,91444,
263050,131072,131072,131072,108479,118389,105026,92098,
264098,131072,131072,131072,108997,118925,105657,92289,
265146,131072,131072,131072,110480,119448,106262,92685,
266194,131072,131072,131072,110585,119672,106541,93062,
267242,131072,131072,131072,110721,120521,106778,93495,
268290,131072,131072,131072,112917,120851,107158,93960,
269338,131072,131072,131072,111625,121030,107518,94358,
270386,131072,131072,131072,111731,121421,108274,94628,
271434,131072,131072,131072,112667,122265,108717,95176,
272482,131072,131072,131072,113112,123187,109036,95914,
273530,131072,131072,131072,113932,122800,109358,95957,
274578,131072,131072,131072,113366,123811,109770,96161,
275626,131072,131072,131072,114066,123694,110317,96529,
276674,131072,131072,131072,115275,124328,110554,96795,
277722,131072,131072,131072,114270,124950,111043,97538,
278770,131072,131072,131072,116600,125236,111362,97927,
279818,131072,131072,131072,116692,125476,112010,97761,
280866,131072,131072,131072,116317,126888,112515,97779,
281914,131072,131072,131072,116910,127327,112466,98755,
282962,131072,131072,131072,117903,127373,113207,98980,
284010,131072,131072,131072,117032,127740,113704,99348,
285058,131072,131072,131072,118674,128531,114030,99883,
286106,131072,131072,131072,118711,128741,114388,99865,
287154,131072,131072,131072,118537,129631,114807,100739,
288202,131072,131072,131072,119448,129769,115382,101411,
289250,131072,131072,131072,119425,130057,115802,100889,
290298,131072,131072,131072,120956,130472,115823,101580,
291346,131072,131072,131072,119205,131202,116268,102171,
292394,131072,131072,131072,120950,131469,116825,102240,
293442,131072,131072,131072,122366,132060,117515,102751,
294490,131072,131072,131072,121519,132400,118142,103262,
295538,131072,131072,131072,123062,133124,118635,103633,
296586,131072,131072,131072,121513,133559,118353,103833,
297634,131072,131072,131072,124124,133654,119271,104231,
298682,131072,131072,131072,124108,134117,119485,104427,
299730,131072,131072,131072,124851,134527,119666,104946,
300778,131072,131072,131072,125449,135484,119994,105277,
301826,131072,131072,131072,126386,135621,120776,105837,
302874,131072,131072,131072,125660,135924,121561,105788,
303922,131072,131072,131072,126351,136868,121714,106464,
304970,131072,131072,131072,125019,137181,122264,107156,
306018,131072,131072,131072,126815,137701,122592,106898,
307066,131072,131072,131072,125773,138297,122768,107151,
308114,131072,131072,131072,126679,138432,123584,107781,
309162,131072,131072,131072,127505,138708,123904,108511,
310210,131072,131072,131072,128937,139638,124323,108574,
311258,131072,131072,131072,129270,140172,124578,109081,
312306,131072,131072,131072,128995,139702,124929,109101,
313354,131072,131072,131072,128099,140984,125681,109643,
314402,131072,131072,131072,131133,141332,125812,109986,
315450,131072,131072,131072,130056,142078,126256,110659,
316498,131072,131072,131072,132103,142320,126576,111274,
317546,131072,131072,131072,131960,142542,127092,111168,
318594,131072,131072,131072,131779,143456,127771,111471,
319642,131072,131072,131072,131133,143796,127561,111902,
320690,131072,131072,131072,132536,144583,128000,112101,
321738,131072,131072,131072,132241,144424,128365,112923,
322786,131072,131072,131072,134395,145316,128670,113091,
323834,131072,131072,131072,133673,145684,129368,113263,
324882,131072,131072,131072,134157,146163,130041,114010,
325930,131072,131072,131072,134653,147048,130902,113923,
326978,131072,131072,131072,135899,146677,130375,114213,
328026,131072,131072,131072,134653,147997,131018,114900,
329074,131072,131072,131072,135536,147968,131526,115452,
330122,131072,131072,131072,137252,148908,132472,115463,
331170,131072,131072,131072,138455,149239,132752,116386,
332218,131072,131072,131072,136295,149399,133218,116342,
333266,131072,131072,131072,136703,149904,133533,116755,
334314,131072,131072,131072,139544,150362,133721,116712,
335362,131072,131072,131072,138155,150816,134033,117196,
336410,131072,131072,131072,140089,151823,134395,117879,
337458,131072,131072,131072,141599,151384,134804,118054,
338506,131072,131072,131072,141069,152304,135349,118690,
339554,131072,131072,131072,140667,153114,135731,119035,
340602,131072,131072,131072,142787,153207,136343,119315,
341650,131072,131072,131072,141016,153439,136593,119783,
342698,131072,131072,131072,142012,154133,137033,119941,
343746,131072,131072,131072,143347,154871,137628,120438,
344794,131072,131072,131072,144053,155428,138114,120801,
345842,131072,131072,131072,144572,155612,138180,120582,
346890,131072,131072,131072,142848,156372,138598,121418,
347938,131072,131072,131072,146132,156005,139160,121720,
348986,131072,131072,131072,145091,156428,139409,122199,
350034,131072,131072,131072,144224,157483,140338,122484,
351082,131072,131072,131072,144649,157755,140332,122755,
352130,131072,131072,131072,146528,158411,141083,123257,
353178,131072,131072,131072,147720,158864,141269,123703,
354226,131072,131072,131072,146977,159299,141330,123592,
355274,131072,131072,131072,146295,159291,141747,124477,
356322,131072,131072,131072,146020,159985,142540,124967,
357370,131072,131072,131072,148883,160935,142916,125197,
358418,131072,131072,131072,148060,161458,143720,125660,
359466,131072,131072,131072,148328,161705,144095,125773,
360514,131072,131072,131072,150117,161716,143958,126385,
361562,131072,131072,131072,150637,162346,144801,126584,
362610,131072,131072,131072,151226,162910,144873,126516,
363658,131072,131072,131072,151227,163804,145724,127827,
364706,131072,131072,131072,151901,163585,145875,127517,
365754,131072,131072,131072,152784,164526,146298,128175,
366802,131072,131072,131072,151258,165189,146478,128193,
367850,131072,131072,131072,152840,165381,147138,128692,
368898,131072,131072,131072,152998,165927,147384,129418,
369946,131072,131072,131072,151516,165913,147908,129586,
370994,131072,131072,131072,155149,166763,148432,129942,
372042,131072,131072,131072,153745,167486,149200,129943,
373090,131072,131072,131072,155090,168057,149395,130502,
374138,131072,131072,131072,156873,168707,148944,130859,
375186,131072,131072,131072,154877,168921,150452,131480,
376234,131072,131072,131072,157120,169514,150521,131765,
377282,131072,131072,131072,155794,169498,151194,131546,
378330,131072,131072,131072,158305,169811,151740,131855,
379378,131072,131072,131072,156863,171236,151520,132568,
380426,131072,131072,131072,157567,170695,151825,133393,
381474,131072,131072,131072,157614,171719,152793,133443,
382522,131072,131072,131072,158755,172335,153157,133975,
383570,131072,131072,131072,159082,172800,153324,133932,
384618,131072,131072,131072,159147,173801,153609,134833,
385666,131072,131072,131072,159116,173548,154164,135147,
386714,131072,131072,131072,158870,173801,154841,135997,
387762,131072,131072,131072,161795,174212,154843,135455,
388810,131072,131072,131072,162268,175456,155447,136132,
389858,131072,131072,131072,162386,175153,155896,136409,
390906,131072,131072,131072,161207,176337,156040,136975,
391954,131072,131072,131072,162831,176310,156623,136593,
393002,131072,131072,131072,161916,176626,157292,137905,
394050,131072,131072,131072,162650,176850,157772,138075,
395098,131072,131072,131072,164761,178031,158576,138297,
396146,131072,131072,131072,165148,178674,158478,138420,
397194,131072,131072,131072,166287,178690,159384,139475,
398242,131072,131072,131072,164701,179406,158959,138607,
399290,131072,131072,131072,166213,179760,159956,139764,
400338,131072,131072,131072,166417,180237,159961,140011,
401386,131072,131072,131072,166078,180333,160549,140225,
402434,131072,131072,131072,166161,181234,161275,140724,
403482,131072,131072,131072,167635,181611,161287,141125,
404530,131072,131072,131072,168590,181712,162143,141247,
405578,131072,131072,131072,168594,182607,162700,142032,
406626,131072,131072,131072,168365,183233,162899,142409,
407674,131072,131072,131072,167248,183247,163170,142891,
408722,131072,131072,131072,170057,183463,163564,142783,
409770,131072,131072,131072,171812,183702,163935,143543,
410818,131072,131072,131072,171379,185160,164097,143172,
411866,131072,131072,131072,171238,185679,164595,144293,
412914,131072,131072,131072,170086,185556,165554,144367,
413962,131072,131072,131072,171754,185478,165458,144880,
415010,131072,131072,131072,170653,187119,165970,144991,
416058,131072,131072,131072,171174,187293,166416,146071,
417106,131072,131072,131072,174897,187405,166819,145687,
418154,131072,131072,131072,171096,188301,167614,146351,
419202,131072,131072,131072,172608,188936,167798,146336,
420250,131072,131072,131072,175697,189659,168242,146736,
421298,131072,131072,131072,174990,189321,168702,147360,
422346,131072,131072,131072,174971,189750,169037,147825,
423394,131072,131072,131072,176189,190607,169702,148546,
424442,131072,131072,131072,174673,191147,169654,148421,
425490,131072,131072,131072,174366,191525,169930,148256,
426538,131072,131072,131072,177286,191283,170612,149565,
427586,131072,131072,131072,176537,192400,170934,149643,
428634,131072,131072,131072,178538,193236,171408,150365,
429682,131072,131072,131072,176926,193557,172464,150276,
430730,131072,131072,131072,178871,193956,172322,150415,
431778,131072,131072,131072,178909,194626,172579,151457,
432826,131072,131072,131072,179582,195073,172721,151711,
433874,131072,131072,131072,179777,195479,173842,151630,
434922,131072,131072,131072,178286,195977,174348,151968,
435970,131072,131072,131072,180614,195989,174498,152902,
437018,131072,131072,131072,182045,196252,174466,152627,
438066,131072,131072,131072,182182,196842,174878,153474,
439114,131072,131072,131072,182239,197766,175599,153763,
440162,131072,131072,131072,180755,198041,176273,154103,
441210,131072,131072,131072,182792,198775,176395,154296,
442258,131072,131072,131072,183692,198709,176638,154870,
443306,131072,131072,131072,182888,199696,177112,155125,
444354,131072,131072,131072,182644,200088,177547,155930,
445402,131072,131072,131072,184793,199835,178530,155787,
446450,131072,131072,131072,185802,200705,178303,156452,
447498,131072,131072,131072,184737,201597,178249,156891,
448546,131072,131072,131072,184944,201508,179541,157043,
449594,131072,131072,131072,187113,202689,179770,157067,
450642,131072,131072,131072,185024,202926,181023,157422,
451690,131072,131072,131072,185709,203463,180655,158222,
452738,131072,131072,131072,186718,203824,181523,158792,
453786,131072,131072,131072,186089,204584,182206,158448,
454834,131072,131072,131072,184611,204552,182368,159756,
455882,131072,131072,131072,189102,205142,181893,159569,
456930,131072,131072,131072,189985,205489,182551,160358,
457978,131072,131072,131072,188791,205911,182576,160499,
459026,131072,131072,131072,187843,207203,183580,160807,
460074,131072,131072,131072,190559,207578,184307,161119,
461122,131072,131072,131072,191974,207450,184310,161916,
462170,131072,131072,131072,189169,208377,185249,161648,
463218,131072,131072,131072,191529,207844,184855,161656,
464266,131072,131072,131072,191633,208628,185588,162869,
465314,131072,131072,131072,192212,209671,186143,163217,
466362,131072,131072,131072,194975,209800,186157,163745,
467410,131072,131072,131072,194554,209744,187096,163503,
468458,131072,131072,131072,194989,211133,187265,164208,
469506,131072,131072,131072,193983,210585,188089,164412,
470554,131072,131072,131072,196477,211294,188205,164265,
471602,131072,131072,131072,195426,212250,188637,164897,
472650,131072,131072,131072,196377,212346,189151,165393,
473698,131072,131072,131072,195148,213215,189383,165878,
474746,131072,131072,131072,197738,213799,189994,166932,
475794,131072,131072,131072,196929,214285,190594,166899,
476842,131072,131072,131072,197130,214450,191214,166703,
477890,131072,131072,131072,197378,215117,191182,167154,
478938,131072,131072,131072,196325,215713,191698,167342,
479986,131072,131072,131072,202674,215873,192029,168026,
481034,131072,131072,131072,199471,216326,192178,168272,
482082,131072,131072,131072,198629,217109,193047,168750,
483130,131072,131072,131072,199756,217034,193602,169054,
484178,131072,131072,131072,201683,217510,193323,169146,
485226,131072,131072,131072,200710,219177,193277,170802,
486274,131072,131072,131072,201470,219323,194559,170437,
487322,131072,131072,131072,199414,218695,195168,170630,
488370,131072,131072,131072,204097,219635,195253,170875,
489418,131072,131072,131072,199423,220620,196025,171558,
490466,131072,131072,131072,202154,220725,196321,172238,
491514,131072,131072,131072,200782,220999,196758,171358,
492562,131072,131072,131072,204097,221654,196597,172121,
493610,131072,131072,131072,205070,222214,197819,172330,
494658,131072,131072,131072,205509,222817,198319,173397,
495706,131072,131072,131072,207458,223301,198681,174187,
496754,131072,131072,131072,205572,223151,198421,174034,
497802,131072,131072,131072,207418,224105,199091,174413,
498850,131072,131072,131072,206477,224305,199705,174646,
499898,131072,131072,131072,207835,224232,199953,174992,
500946,131072,131072,131072,206713,224952,200130,175457,
501994,131072,131072,131072,208096,226098,200529,175316,
503042,131072,131072,131072,212180,225446,201433,176394,
504090,131072,131072,131072,208242,227115,201790,176638,
505138,131072,131072,131072,211437,227402,202188,176736,
506186,131072,131072,131072,209479,227530,202211,177386,
507234,131072,131072,131072,210397,228014,203052,178030,
508282,131072,131072,131072,211486,228169,203229,177900,
509330,131072,131072,131072,210870,229190,204005,178442,
510378,131072,131072,131072,210280,229349,204261,178316,
511426,131072,131072,131072,213327,230383,205001,178791,
512474,131072,131072,131072,214931,230769,205485,179317,
513522,131072,131072,131072,210552,230901,205748,179708,
514570,131072,131072,131072,212373,231930,206115,179891,
515618,131072,131072,131072,212811,231929,206771,180450,
516666,131072,131072,131072,214500,231780,206860,180498,
517714,131072,131072,131072,214614,232991,207145,181224,
518762,131072,131072,131072,216015,233022,206821,181704,
519810,131072,131072,131072,214354,233697,207911,182415,
520858,131072,131072,131072,216026,234373,208120,182168,
521906,131072,131072,131072,218795,235069,208591,182465,
522954,131072,131072,131072,217374,234866,209641,183535,
524002,131072,131072,131072,213332,236114,209163,183734,
525050,262144,262144,262144,218126,236397,209580,184710,
526098,262144,262144,262144,218565,236311,210799,184305,
527146,262144,262144,262144,218792,237277,210394,185026,
528194,262144,262144,262144,217419,238125,211303,185061,
529242,262144,262144,262144,219982,238130,211231,185487,
530290,262144,262144,262144,219426,237953,212898,186001,
531338,262144,262144,262144,221489,239542,213185,185400,
532386,262144,262144,262144,221868,240623,212976,186426,
533434,262144,262144,262144,219721,240194,213506,186133,
534482,262144,262144,262144,222281,240897,213534,186751,
535530,262144,262144,262144,221171,241077,213851,187375,
536578,262144,262144,262144,224630,241813,214468,187770,
537626,262144,262144,262144,219814,241626,215320,188953,
538674,262144,262144,262144,224985,241736,215180,188787,
539722,262144,262144,262144,224606,242199,216428,188984,
540770,262144,262144,262144,223350,243627,216243,189175,
541818,262144,262144,262144,222485,243482,217146,189604,
542866,262144,262144,262144,223431,244649,216375,190094,
543914,262144,262144,262144,228552,244514,217749,190789,
544962,262144,262144,262144,224084,244666,217921,191030,
546010,262144,262144,262144,225523,246071,219153,192006,
547058,262144,262144,262144,225569,245798,218465,191668,
548106,262144,262144,262144,227555,247130,219080,191508,
549154,262144,262144,262144,227275,247695,219704,192143,
550202,262144,262144,262144,228317,246967,220328,192783,
551250,262144,262144,262144,232147,248395,220242,192662,
552298,262144,262144,262144,226679,247937,220462,193781,
553346,262144,262144,262144,228661,249374,221224,193465,
554394,262144,262144,262144,229157,249937,221681,193887,
555442,262144,262144,262144,228831,248985,223016,193958,
556490,262144,262144,262144,231539,250719,222142,195255,
557538,262144,262144,262144,230357,250463,223169,195214,
558586,262144,262144,262144,231163,252003,223305,195256,
559634,262144,262144,262144,233168,252269,223971,195601,
560682,262144,262144,262144,230732,252444,224427,195833,
561730,262144,262144,262144,231607,252771,225448,197058,
562778,262144,262144,262144,234740,253521,224423,197068,
563826,262144,262144,262144,229515,254034,225257,197553,
564874,262144,262144,262144,233338,253744,225437,197157,
565922,262144,262144,262144,234534,254517,225867,198516,
566970,262144,262144,262144,235523,255987,227207,197860,
568018,262144,262144,262144,232499,254938,227750,198760,
569066,262144,262144,262144,234575,255525,227708,199444,
570114,262144,262144,262144,236191,256439,227917,199659,
571162,262144,262144,262144,237772,257362,229373,199783,
572210,262144,262144,262144,237646,257185,229686,200269,
573258,262144,262144,262144,237190,258330,229354,200179,
574306,262144,262144,262144,240622,258470,229294,201290,
575354,262144,262144,262144,240498,258620,230140,201388,
576402,262144,262144,262144,238694,259096,230278,202415,
577450,262144,262144,262144,237487,259773,231239,202388,
578498,262144,262144,262144,236836,260510,231947,202994,
579546,262144,262144,262144,238954,260802,231748,203105,
580594,262144,262144,262144,239794,260636,232633,203250,
581642,262144,262144,262144,240995,262358,232275,203425,
582690,262144,262144,262144,241155,261609,233836,203426,
583738,262144,262144,262144,239345,262504,232993,204405,
584786,262144,262144,262144,243371,263293,234269,204300,
585834,262144,262144,262144,241079,264462,234148,204821,
586882,262144,262144,262144,243235,264708,234982,204894,
587930,262144,262144,262144,242545,263705,235444,204566,
588978,262144,262144,262144,243463,264788,236161,206200,
590026,262144,262144,262144,244471,265411,236311,207079,
591074,262144,262144,262144,245603,265637,235855,206790,
592122,262144,262144,262144,243709,266426,236172,207766,
593170,262144,262144,262144,247003,266681,236634,207706,
594218,262144,262144,262144,245877,266938,237798,208437,
595266,262144,262144,262144,247055,269004,237394,208718,
596314,262144,262144,262144,245068,268098,238507,209171,
597362,262144,262144,262144,249087,268764,238814,209350,
598410,262144,262144,262144,246852,269512,239764,210024,
599458,262144,262144,262144,250525,270681,239942,209691,
600506,262144,262144,262144,249688,269438,239683,209668,
601554,262144,262144,262144,249738,271523,240450,210357,
602602,262144,262144,262144,248747,271917,241306,210884,
603650,262144,262144,262144,250974,272249,241885,211601,
604698,262144,262144,262144,251189,271151,242397,211166,
605746,262144,262144,262144,252734,272115,242214,212228,
606794,262144,262144,262144,253597,272773,242195,212177,
607842,262144,262144,262144,253404,273863,243740,212725,
608890,262144,262144,262144,253516,274055,243024,213162,
609938,262144,262144,262144,254226,273765,243560,213735,
610986,262144,262144,262144,252734,274385,244962,213983,
612034,262144,262144,262144,251940,275114,244458,213783,
613082,262144,262144,262144,258286,275163,244448,214054,
614130,262144,262144,262144,253949,277015,245672,215300,
615178,262144,262144,262144,252926,276530,245876,215272,
616226,262144,262144,262144,256841,277289,246039,215467,
617274,262144,262144,262144,254831,277259,247022,216505,
618322,262144,262144,262144,255021,277172,247649,216314,
619370,262144,262144,262144,252877,278890,247136,216690,
620418,262144,262144,262144,256043,279827,248583,217433,
621466,262144,262144,262144,257372,279363,247896,217364,
622514,262144,262144,262144,257278,279874,249668,217804,
623562,262144,262144,262144,256910,280501,248781,218201,
624610,262144,262144,262144,259061,280855,250363,218536,
625658,262144,262144,262144,258083,281216,250934,218746,
626706,262144,262144,262144,260325,281740,250248,219487,
627754,262144,262144,262144,261457,283216,250981,219154,
628802,262144,262144,262144,259891,282179,250868,220703,
629850,262144,262144,262144,259502,283722,252530,220590,
630898,262144,262144,262144,264290,284109,251871,220585,
631946,262144,262144,262144,261149,284587,252901,220824,
632994,262144,262144,262144,261388,285058,253166,221902,
634042,262144,262144,262144,264904,285136,252008,221660,
635090,262144,262144,262144,261687,285593,253861,222335,
636138,262144,262144,262144,265495,286905,254550,222849,
637186,262144,262144,262144,265796,286354,254755,223763,
638234,262144,262144,262144,261880,288010,255255,222736,
639282,262144,262144,262144,265906,288175,255296,223027,
640330,262144,262144,262144,265466,288968,256048,224025,
641378,262144,262144,262144,264476,289288,256884,224319,
642426,262144,262144,262144,268085,288876,257294,224463,
643474,262144,262144,262144,268393,290113,257569,225703,
644522,262144,262144,262144,268831,291439,258193,225439,
645570,262144,262144,262144,267334,290045,257967,226535,
646618,262144,262144,262144,266263,290636,258828,227210,
647666,262144,262144,262144,267198,292218,259059,226180,
648714,262144,262144,262144,268758,291441,258931,227167,
649762,262144,262144,262144,268090,292863,259788,227667,
650810,262144,262144,262144,271601,292657,260105,227868,
651858,262144,262144,262144,268189,292293,261520,228021,
652906,262144,262144,262144,269043,293100,261489,227555,
653954,262144,262144,262144,271204,293308,262075,228606,
655002,262144,262144,262144,270729,294766,261560,229327,
656050,262144,262144,262144,272470,294469,262382,229815,
657098,262144,262144,262144,269079,294591,263242,229460,
658146,262144,262144,262144,274295,297740,263184,230964,
659194,262144,262144,262144,273017,297648,263357,230545,
660242,262144,262144,262144,273605,297078,263599,231953,
661290,262144,262144,262144,275304,297555,264356,231864,
662338,262144,262144,262144,275537,298399,264112,231841,
663386,262144,262144,262144,276544,297665,265537,232175,
664434,262144,262144,262144,274568,299198,265849,232383,
665482,262144,262144,262144,277040,300472,266652,232961,
666530,262144,262144,262144,276483,299175,267153,233574,
667578,262144,262144,262144,277132,300609,267502,233674,
668626,262144,262144,262144,276700,300458,267344,234316,
669674,262144,262144,262144,277193,300391,267743,234563,
670722,262144,262144,262144,276556,302241,268247,234666,
671770,262144,262144,262144,279464,302522,268934,235011,
672818,262144,262144,262144,281683,302371,268782,235910,
673866,262144,262144,262144,279709,303461,269888,235762,
674914,262144,262144,262144,281984,303975,269946,236673,
675962,262144,262144,262144,282241,304625,269981,236645,
677010,262144,262144,262144,281455,304497,270111,236483,
678058,262144,262144,262144,282471,305411,270655,236759,
679106,262144,262144,262144,281598,305552,271481,237408,
680154,262144,262144,262144,280684,306538,272082,238248,
681202,262144,262144,262144,282610,306056,272945,238370,
682250,262144,262144,262144,282179,307310,272777,238364,
683298,262144,262144,262144,287784,307468,273866,239442,
684346,262144,262144,262144,285095,308203,273698,238751,
685394,262144,262144,262144,284430,308162,274396,239068,
686442,262144,262144,262144,283468,308916,274775,239144,
687490,262144,262144,262144,285704,309484,275394,240589,
688538,262144,262144,262144,284453,310320,275313,240664,
689586,262144,262144,262144,287125,310413,275600,240751,
690634,262144,262144,262144,289441,312455,276386,241358,
691682,262144,262144,262144,289090,311733,276366,241529,
692730,262144,262144,262144,288000,311808,276663,242724,
693778,262144,262144,262144,287633,311660,276982,242635,
694826,262144,262144,262144,285835,312585,277895,243119,
695874,262144,262144,262144,287542,312501,278327,243870,
696922,262144,262144,262144,289250,314008,278855,244318,
697970,262144,262144,262144,290971,313132,279127,243973,
699018,262144,262144,262144,290108,314038,279848,243997,
700066,262144,262144,262144,292710,315445,279222,246031,
701114,262144,262144,262144,291729,315469,279963,244626,
702162,262144,262144,262144,290671,315785,280745,245728,
703210,262144,262144,262144,292290,316611,281576,245379,
704258,262144,262144,262144,291450,316911,281064,246873,
705306,262144,262144,262144,291775,318593,282332,246653,
706354,262144,262144,262144,293511,317309,282610,247137,
707402,262144,262144,262144,292424,319223,282789,247445,
708450,262144,262144,262144,297180,320013,283057,247938,
709498,262144,262144,262144,293845,319690,283159,248933,
710546,262144,262144,262144,297862,319440,284528,248663,
711594,262144,262144,262144,299995,319833,284945,249351,
712642,262144,262144,262144,298015,319827,286247,248808,
713690,262144,262144,262144,298099,321212,284987,250354,
714738,262144,262144,262144,294602,320789,285603,249602,
715786,262144,262144,262144,296247,321675,286272,250039,
716834,262144,262144,262144,297406,322792,287176,250673,
717882,262144,262144,262144,297150,323181,286823,250837,
718930,262144,262144,262144,299290,323190,286989,250810,
719978,262144,262144,262144,296890,322920,289052,251253,
721026,262144,262144,262144,295479,325480,288508,252325,
722074,262144,262144,262144,300559,324662,288369,253156,
723122,262144,262144,262144,303858,325698,290733,253902,
724170,262144,262144,262144,297972,324665,290089,254158,
725218,262144,262144,262144,301072,326418,290871,253650,
726266,262144,262144,262144,304464,327137,291019,253023,
727314,262144,262144,262144,304069,327394,290071,254148,
728362,262144,262144,262144,299211,327845,292214,255123,
729410,262144,262144,262144,302721,328661,291617,255174,
730458,262144,262144,262144,302656,328759,291359,255794,
731506,262144,262144,262144,301806,328265,292003,255368,
732554,262144,262144,262144,308140,330950,292889,256439,
733602,262144,262144,262144,303940,329350,293387,257868,
734650,262144,262144,262144,305173,330290,294060,257692,
735698,262144,262144,262144,306743,330232,294205,258138,
736746,262144,262144,262144,309915,331158,294109,257316,
737794,262144,262144,262144,306720,331298,295358,258179,
738842,262144,262144,262144,299693,331700,296091,258782,
739890,262144,262144,262144,303649,333543,295564,259176,
740938,262144,262144,262144,310081,331997,295420,259244,
741986,262144,262144,262144,308309,333086,296951,259851,
743034,262144,262144,262144,306680,333499,296787,260706,
744082,262144,262144,262144,308654,335185,298131,259796,
745130,262144,262144,262144,311415,335465,296931,260496,
746178,262144,262144,262144,312014,336439,298763,261255,
747226,262144,262144,262144,310729,337076,298768,261882,
748274,262144,262144,262144,310604,337424,299136,262095,
749322,262144,262144,262144,310670,336157,300361,262305,
750370,262144,262144,262144,311661,338308,299550,262584,
751418,262144,262144,262144,312069,338134,301098,263894,
752466,262144,262144,262144,312068,338448,300626,263272,
753514,262144,262144,262144,310776,339094,301116,263431,
754562,262144,262144,262144,312982,340197,301490,264187,
755610,262144,262144,262144,314503,339458,302348,264503,
756658,262144,262144,262144,312340,340764,303335,265505,
757706,262144,262144,262144,315126,341346,302963,265201,
758754,262144,262144,262144,315951,341098,303661,265112,
759802,262144,262144,262144,313989,341607,303330,265573,
760850,262144,262144,262144,317547,341532,304806,266318,
761898,262144,262144,262144,315429,342098,305042,267130,
762946,262144,262144,262144,316817,343715,304723,267657,
763994,262144,262144,262144,315010,344286,304586,267416,
765042,262144,262144,262144,314861,344221,305041,268358,
766090,262144,262144,262144,320599,345179,306459,267952,
767138,262144,262144,262144,318839,345366,306738,268518,
768186,262144,262144,262144,324601,345797,307376,268809,
769234,262144,262144,262144,321644,346508,307869,270154,
770282,262144,262144,262144,319261,346544,308541,269319,
771330,262144,262144,262144,317894,347290,309018,270075,
772378,262144,262144,262144,319802,346792,308696,270117,
773426,262144,262144,262144,318874,348226,309334,270920,
774474,262144,262144,262144,321573,347296,310523,271095,
775522,262144,262144,262144,321683,348291,311129,271157,
776570,262144,262144,262144,322222,350359,309875,271378,
777618,262144,262144,262144,322813,350338,310574,271684,
778666,262144,262144,262144,318222,351400,311733,271798,
779714,262144,262144,262144,319487,350784,311388,273807,
780762,262144,262144,262144,325081,351910,312975,273056,
781810,262144,262144,262144,324349,352064,312633,274145,
782858,262144,262144,262144,319781,352148,312455,273835,
783906,262144,262144,262144,319654,352952,313307,273453,
784954,262144,262144,262144,322385,353797,314515,275070,
786002,262144,262144,262144,327216,353650,313430,275014,
787050,262144,262144,262144,327325,354210,314147,275192,
788098,262144,262144,262144,326088,353577,316148,275826,
789146,262144,262144,262144,323703,354485,315815,275968,
790194,262144,262144,262144,328437,355608,316617,276755,
791242,262144,262144,262144,324270,355048,315780,278302,
792290,262144,262144,262144,334015,356593,315984,277462,
793338,262144,262144,262144,333495,357287,316963,278341,
794386,262144,262144,262144,327910,358542,317180,278332,
795434,262144,262144,262144,325701,357844,318451,278717,
796482,262144,262144,262144,328894,359089,318644,278022,
797530,262144,262144,262144,333202,359576,317676,279554,
798578,262144,262144,262144,328144,359505,318934,279749,
799626,262144,262144,262144,337436,358787,319144,280296,
800674,262144,262144,262144,333578,359983,321960,280349,
801722,262144,262144,262144,328608,358888,320895,280379,
802770,262144,262144,262144,331724,361057,320495,280950,
803818,262144,262144,262144,339049,362052,322322,281805,
804866,262144,262144,262144,331457,362695,321924,280756,
805914,262144,262144,262144,336562,361669,322592,282753,
806962,262144,262144,262144,334981,363760,323000,282349,
808010,262144,262144,262144,335251,363801,322508,282873,
809058,262144,262144,262144,339605,364470,324200,283010,
810106,262144,262144,262144,335771,364247,325233,283582,
811154,262144,262144,262144,336693,365831,324602,283612,
812202,262144,262144,262144,337258,365973,325442,284093,
813250,262144,262144,262144,336944,366102,325538,284684,
814298,262144,262144,262144,336517,366087,324279,284439,
815346,262144,262144,262144,337319,367121,325589,285108,
816394,262144,262144,262144,338666,366230,327059,284737,
817442,262144,262144,262144,341915,367567,327090,286053,
818490,262144,262144,262144,338069,368080,326760,286075,
819538,262144,262144,262144,340949,369130,326634,286497,
820586,262144,262144,262144,340350,370020,327886,287915,
821634,262144,262144,262144,337661,370944,327527,287629,
822682,262144,262144,262144,343378,369579,329163,287844,
823730,262144,262144,262144,338937,371545,329911,288606,
824778,262144,262144,262144,342301,371292,330172,288824,
825826,262144,262144,262144,339238,370685,329307,288772,
826874,262144,262144,262144,338323,371636,330064,289035,
827922,262144,262144,262144,345772,372572,330838,288701,
828970,262144,262144,262144,349028,373514,331064,289865,
830018,262144,262144,262144,347751,373570,330591,290242,
831066,262144,262144,262144,345787,374781,332796,291269,
832114,262144,262144,262144,343217,375656,333494,291632,
833162,262144,262144,262144,347552,375389,334146,291177,
834210,262144,262144,262144,347609,375035,334073,292514,
835258,262144,262144,262144,346778,375886,333832,292498,
836306,262144,262144,262144,347492,376882,334634,291944,
837354,262144,262144,262144,345717,376828,335917,293942,
838402,262144,262144,262144,347040,377075,335582,293236,
839450,262144,262144,262144,346102,376774,334838,293528,
840498,262144,262144,262144,340505,378095,336096,293336,
841546,262144,262144,262144,352848,379425,336747,293652,
842594,262144,262144,262144,348325,379894,337656,295266,
843642,262144,262144,262144,350535,378758,337017,296621,
844690,262144,262144,262144,346784,379843,337880,295453,
845738,262144,262144,262144,348643,379841,338287,294826,
846786,262144,262144,262144,351082,380236,338102,295724,
847834,262144,262144,262144,349571,381292,338771,297266,
848882,262144,262144,262144,353024,382396,339671,297433,
849930,262144,262144,262144,356683,382755,340157,296910,
850978,262144,262144,262144,352403,384027,340898,297150,
852026,262144,262144,262144,351598,382906,342811,297569,
853074,262144,262144,262144,354459,385342,342077,299112,
854122,262144,262144,262144,358100,385350,342125,297773,
855170,262144,262144,262144,357218,385342,342579,299950,
856218,262144,262144,262144,356501,386282,341712,299818,
857266,262144,262144,262144,354499,386150,342756,300178,
858314,262144,262144,262144,353212,385599,342992,300213,
859362,262144,262144,262144,361116,386847,344991,300458,
860410,262144,262144,262144,355419,387107,343711,301539,
861458,262144,262144,262144,356409,389268,344101,301426,
862506,262144,262144,262144,358029,387332,345843,303185,
863554,262144,262144,262144,355941,388743,345156,301565,
864602,262144,262144,262144,358976,388667,346365,302246,
865650,262144,262144,262144,359952,389251,346779,302935,
866698,262144,262144,262144,358647,388942,346520,303300,
867746,262144,262144,262144,361760,390358,347277,303130,
868794,262144,262144,262144,362493,390398,347574,303527,
869842,262144,262144,262144,361065,390895,347879,303880,
870890,262144,262144,262144,360316,391981,348428,304746,
871938,262144,262144,262144,365755,393238,348702,305054,
872986,262144,262144,262144,366970,393185,349366,306179,
874034,262144,262144,262144,360243,393490,349280,306272,
875082,262144,262144,262144,359698,394653,350177,306206,
876130,262144,262144,262144,364769,395364,349645,306374,
877178,262144,262144,262144,364971,394680,351182,306610,
878226,262144,262144,262144,357908,394055,352851,307175,
879274,262144,262144,262144,364659,396092,351731,307119,
880322,262144,262144,262144,363503,396877,352925,308059,
881370,262144,262144,262144,363083,396793,351819,307781,
882418,262144,262144,262144,368514,396535,352187,308793,
883466,262144,262144,262144,369112,398409,353327,309265,
884514,262144,262144,262144,361729,398352,353866,310287,
885562,262144,262144,262144,364223,399196,353820,309985,
886610,262144,262144,262144,367121,399026,354007,310502,
887658,262144,262144,262144,368287,398635,356372,310938,
888706,262144,262144,262144,368235,401168,355176,311618,
889754,262144,262144,262144,368559,398183,356906,311702,
890802,262144,262144,262144,368470,400719,356962,311513,
891850,262144,262144,262144,370391,401867,357360,311428,
892898,262144,262144,262144,372202,402518,356546,312269,
893946,262144,262144,262144,371079,401520,357708,313621,
894994,262144,262144,262144,370822,403293,358151,312508,
896042,262144,262144,262144,371806,402400,358782,314388,
897090,262144,262144,262144,367639,402492,359375,314728,
898138,262144,262144,262144,370509,404485,358843,313854,
899186,262144,262144,262144,374398,404878,360577,314103,
900234,262144,262144,262144,373835,406273,360040,315026,
901282,262144,262144,262144,373563,405348,360909,316313,
902330,262144,262144,262144,372540,406822,361529,315305,
903378,262144,262144,262144,375503,406832,361170,316467,
904426,262144,262144,262144,378035,407508,360658,317266,
905474,262144,262144,262144,372037,406547,362173,316977,
906522,262144,262144,262144,376497,408168,362583,316719,
907570,262144,262144,262144,377423,409048,363533,317862,
908618,262144,262144,262144,378429,409376,363287,318365,
909666,262144,262144,262144,374886,407334,363034,318567,
910714,262144,262144,262144,383546,409289,364467,319150,
911762,262144,262144,262144,378253,409055,365255,319159,
912810,262144,262144,262144,374743,411357,365326,319838,
913858,262144,262144,262144,377900,410087,364927,319984,
914906,262144,262144,262144,378923,411843,365620,319944,
915954,262144,262144,262144,378397,410264,365489,320197,
917002,262144,262144,262144,375634,412815,367165,320256,
918050,262144,262144,262144,378478,414642,368611,321304,
919098,262144,262144,262144,386233,413934,368069,321457,
920146,262144,262144,262144,378954,414814,368063,322743,
921194,262144,262144,262144,378881,412291,367476,322504,
922242,262144,262144,262144,380591,415713,369029,322461,
923290,262144,262144,262144,384591,415474,370228,323556,
924338,262144,262144,262144,379171,416091,369013,322549,
925386,262144,262144,262144,383778,416824,369509,323735,
926434,262144,262144,262144,379428,416387,369966,324027,
927482,262144,262144,262144,383466,417005,370299,324016,
928530,262144,262144,262144,383397,417344,372106,325393,
929578,262144,262144,262144,387021,418886,372514,324482,
930626,262144,262144,262144,385119,418847,372279,325151,
931674,262144,262144,262144,389261,419205,372150,325669,
932722,262144,262144,262144,387144,418758,373698,324852,
933770,262144,262144,262144,386356,420224,373961,327114,
934818,262144,262144,262144,386305,421783,374531,327329,
935866,262144,262144,262144,388910,419388,374835,327326,
936914,262144,262144,262144,392026,422132,375219,328405,
937962,262144,262144,262144,388526,422718,375938,328204,
939010,262144,262144,262144,391518,423670,376562,329226,
940058,262144,262144,262144,393762,424799,374374,330096,
941106,262144,262144,262144,392712,423062,376635,329267,
942154,262144,262144,262144,390135,423949,376823,330319,
943202,262144,262144,262144,390312,426267,376792,330384,
944250,262144,262144,262144,390075,424953,378097,329812,
945298,262144,262144,262144,389727,425875,378817,330362,
946346,262144,262144,262144,397422,424254,378587,329572,
947394,262144,262144,262144,393618,426021,380092,332362,
948442,262144,262144,262144,396186,427754,379776,332544,
949490,262144,262144,262144,393995,428291,381961,331563,
950538,262144,262144,262144,398050,427214,379143,332490,
951586,262144,262144,262144,395658,428338,380994,333166,
952634,262144,262144,262144,392287,427641,380986,333423,
953682,262144,262144,262144,397539,429783,381702,333354,
954730,262144,262144,262144,393935,429691,382213,334514,
955778,262144,262144,262144,393931,429455,381680,334011,
956826,262144,262144,262144,393895,430597,384118,334249,
957874,262144,262144,262144,396424,430753,383410,335397,
958922,262144,262144,262144,393388,431972,382886,335590,
959970,262144,262144,262144,397797,433568,385728,335465,
961018,262144,262144,262144,403487,433013,386259,336594,
962066,262144,262144,262144,401560,434440,384302,337977,
963114,262144,262144,262144,403680,433152,383979,337375,
964162,262144,262144,262144,403064,433394,385673,338294,
965210,262144,262144,262144,400812,434336,385537,337637,
966258,262144,262144,262144,404227,436297,386400,338095,
967306,262144,262144,262144,399139,434671,387721,337711,
968354,262144,262144,262144,403084,435905,387800,338584,
969402,262144,262144,262144,404695,436347,388096,338574,
970450,262144,262144,262144,402657,436290,388190,339480,
971498,262144,262144,262144,398462,437446,388561,340015,
972546,262144,262144,262144,402077,436434,388810,339508,
973594,262144,262144,262144,405843,438147,387642,341479,
974642,262144,262144,262144,406720,438064,390147,339607,
975690,262144,262144,262144,401180,438872,390750,341080,
976738,262144,262144,262144,404003,438182,390861,341406,
977786,262144,262144,262144,407765,440073,391778,342236,
978834,262144,262144,262144,409423,440342,390782,342794,
979882,262144,262144,262144,407419,440933,391838,343040,
980930,262144,262144,262144,407755,441463,393387,342903,
981978,262144,262144,262144,406846,441333,393187,343176,
983026,262144,262144,262144,412532,443368,391831,344398,
984074,262144,262144,262144,409732,442161,392815,345471,
985122,262144,262144,262144,403896,442327,394418,344932,
986170,262144,262144,262144,408653,443160,395274,344586,
987218,262144,262144,262144,407496,445542,394843,345095,
988266,262144,262144,262144,405534,444093,393837,345800,
989314,262144,262144,262144,410162,445769,395431,346069,
990362,262144,262144,262144,410284,445188,396324,346258,
991410,262144,262144,262144,409037,447472,395686,347677,
992458,262144,262144,262144,406990,446765,396767,348414,
993506,262144,262144,262144,411743,447969,397263,347695,
994554,262144,262144,262144,411252,447577,397587,348150,
995602,262144,262144,262144,413462,449260,396054,348064,
996650,262144,262144,262144,410701,449159,397850,348944,
997698,262144,262144,262144,415725,449139,398713,350361,
998746,262144,262144,262144,421223,449881,400118,349071,
999794,262144,262144,262144,412911,450290,400539,349711,
1000842,262144,262144,262144,413339,450946,400796,349995,
1001890,262144,262144,262144,416216,450555,401263,350562,
1002938,262144,262144,262144,417633,450449,400840,351660,
1003986,262144,262144,262144,416838,453028,401630,351576,
1005034,262144,262144,262144,415509,451067,403030,352109,
1006082,262144,262144,262144,419551,452217,403387,352499,
1007130,262144,262144,262144,420426,454205,403002,353215,
1008178,262144,262144,262144,416119,452085,403785,352231,
1009226,262144,262144,262144,419040,455355,405704,352695,
1010274,262144,262144,262144,417224,456887,404358,354469,
1011322,262144,262144,262144,413299,455712,404653,353988,
1012370,262144,262144,262144,418595,455842,404850,353424,
1013418,262144,262144,262144,420541,456833,405101,354830,
1014466,262144,262144,262144,420034,456819,405562,354651,
1015514,262144,262144,262144,422914,455813,406144,354572,
1016562,262144,262144,262144,425275,459099,407021,354717,
1017610,262144,262144,262144,424845,458445,407265,356813,
1018658,262144,262144,262144,421482,458810,406982,356402,
1019706,262144,262144,262144,418453,457783,407457,357823,
1020754,262144,262144,262144,422874,458260,407694,356915,
1021802,262144,262144,262144,422257,460844,408693,357205,
1022850,262144,262144,262144,428120,460190,410180,358300,
1023898,262144,262144,262144,429617,461365,409321,359133,
1024946,262144,262144,262144,423831,461198,409712,358964,
1025994,262144,262144,262144,421903,461613,409553,359132,
1027042,262144,262144,262144,424968,463041,410502,358765,
1028090,262144,262144,262144,425788,461658,412408,360420,
1029138,262144,262144,262144,424427,462038,411334,360023,
1030186,262144,262144,262144,429303,463796,412193,361038,
1031234,262144,262144,262144,426694,465351,412727,361337,
1032282,262144,262144,262144,429652,464445,413016,361781,
1033330,262144,262144,262144,427393,463399,414592,360324,
1034378,262144,262144,262144,432103,465604,412190,362315,
1035426,262144,262144,262144,432893,466111,413923,362625,
1036474,262144,262144,262144,430633,467113,415018,362972,
1037522,262144,262144,262144,430740,467854,415162,364064,
1038570,262144,262144,262144,431243,468597,416303,364663,
1039618,262144,262144,262144,430563,467821,413864,364415,
1040666,262144,262144,262144,427379,469667,416851,363768,
1041714,262144,262144,262144,433531,469085,417515,363887,
1042762,262144,262144,262144,427711,469407,416567,365259,
1043810,262144,262144,262144,433299,470676,418266,365630,
1044858,262144,262144,262144,430343,470069,417598,365703,
1045906,262144,262144,262144,429567,470160,417203,366498,
1046954,262144,262144,262144,430494,470042,417422,366337,
1048002,262144,262144,262144,430198,471362,419661,366150,
